[
  {
    "id": "aeaddec8-0b2c-4cc1-b0b8-75fe50529231",
    "data": [
      {
        "text": "I want to know some information about artists",
        "userDefined": false
      }
    ],
    "isTemplate": false,
    "count": 0,
    "lang": "en",
    "updated": 0
  },
  {
    "id": "780e3cd0-92b7-400a-8a0b-dea50ec1eadd",
    "data": [
      {
        "text": "Tell me about artists",
        "userDefined": false
      }
    ],
    "isTemplate": false,
    "count": 0,
    "lang": "en",
    "updated": 0
  },
  {
    "id": "da260402-43f0-4449-8217-2aa1f1689f58",
    "data": [
      {
        "text": "I would like to learn about artists",
        "userDefined": false
      }
    ],
    "isTemplate": false,
    "count": 0,
    "lang": "en",
    "updated": 0
  }
]