[
  {
    "id": "8aca78db-1173-4e54-a6ff-b230ec186c0f",
    "data": [
      {
        "text": "Where is museum with these?",
        "userDefined": false
      }
    ],
    "isTemplate": false,
    "count": 0,
    "lang": "en",
    "updated": 0
  },
  {
    "id": "b1727261-796e-45b1-bee3-28954d46fb1a",
    "data": [
      {
        "text": "Where his works are stored?",
        "userDefined": false
      }
    ],
    "isTemplate": false,
    "count": 0,
    "lang": "en",
    "updated": 0
  },
  {
    "id": "9a77c6ae-7d79-4d56-a30c-cfced2eae970",
    "data": [
      {
        "text": "Where can I see all these",
        "userDefined": false
      }
    ],
    "isTemplate": false,
    "count": 0,
    "lang": "en",
    "updated": 0
  },
  {
    "id": "d507d4a5-9891-4230-8530-31e30ba0132a",
    "data": [
      {
        "text": "Where can I see his works?",
        "userDefined": false
      }
    ],
    "isTemplate": false,
    "count": 0,
    "lang": "en",
    "updated": 0
  }
]