[
  {
    "id": "6a9c4c51-b37b-4ed6-b3f0-35488f4c9119",
    "data": [
      {
        "text": "Leonardo",
        "userDefined": false
      },
      {
        "text": " da Vinci",
        "userDefined": false
      }
    ],
    "isTemplate": false,
    "count": 0,
    "lang": "en",
    "updated": 0
  },
  {
    "id": "d61ab6dc-54fe-4b02-a294-189504378308",
    "data": [
      {
        "text": "da vinci",
        "userDefined": false
      }
    ],
    "isTemplate": false,
    "count": 0,
    "lang": "en",
    "updated": 0
  }
]