[
  {
    "id": "3c1ece7e-9fe6-4fdb-b7d7-01a6d25d3cf1",
    "data": [
      {
        "text": "Where can I see his works?",
        "userDefined": false
      }
    ],
    "isTemplate": false,
    "count": 0,
    "lang": "en",
    "updated": 0
  },
  {
    "id": "22250536-c9c0-4244-a094-6925d1a9976f",
    "data": [
      {
        "text": "Where can I see all these",
        "userDefined": false
      }
    ],
    "isTemplate": false,
    "count": 0,
    "lang": "en",
    "updated": 0
  },
  {
    "id": "b5bfa19a-b498-4b71-8ed0-b3a4177fbe9e",
    "data": [
      {
        "text": "Where his works are stored?",
        "userDefined": false
      }
    ],
    "isTemplate": false,
    "count": 0,
    "lang": "en",
    "updated": 0
  },
  {
    "id": "664a053d-4620-4724-be9c-2ea7940b019b",
    "data": [
      {
        "text": "Where is museum with these?",
        "userDefined": false
      }
    ],
    "isTemplate": false,
    "count": 0,
    "lang": "en",
    "updated": 0
  }
]