[
  {
    "id": "6651c291-f136-4c9b-ab6c-c49b746ab5de",
    "data": [
      {
        "text": "see you",
        "userDefined": false
      }
    ],
    "isTemplate": false,
    "count": 1,
    "lang": "en",
    "updated": 0
  },
  {
    "id": "d9c64784-3ddf-4a87-8966-ccbdd8c52440",
    "data": [
      {
        "text": "byegood bye",
        "userDefined": false
      }
    ],
    "isTemplate": false,
    "count": 0,
    "lang": "en",
    "updated": 0
  },
  {
    "id": "98525144-adb2-4e10-882e-29ea447a3cba",
    "data": [
      {
        "text": "bye",
        "userDefined": false
      }
    ],
    "isTemplate": false,
    "count": 0,
    "lang": "en",
    "updated": 0
  },
  {
    "id": "a44a9066-11f9-4134-bea7-9f52fc2480ac",
    "data": [
      {
        "text": "Bye!",
        "userDefined": false
      }
    ],
    "isTemplate": false,
    "count": 0,
    "lang": "en",
    "updated": 0
  },
  {
    "id": "2aa6925c-3e72-4a90-b954-554d8f7d5361",
    "data": [
      {
        "text": "Good bye!",
        "userDefined": false
      }
    ],
    "isTemplate": false,
    "count": 0,
    "lang": "en",
    "updated": 0
  }
]