[
  {
    "id": "aec5d653-ac0b-4f7a-bc79-bc9df118e6c5",
    "data": [
      {
        "text": "Is it bad to do things in the last minute?",
        "userDefined": false
      }
    ],
    "isTemplate": false,
    "count": 0,
    "lang": "en",
    "updated": 0
  },
  {
    "id": "b3121ed1-0c48-4d37-9132-b2abc2e1ea84",
    "data": [
      {
        "text": "Is it bad to finish a project in a few days before deadline?",
        "userDefined": false
      }
    ],
    "isTemplate": false,
    "count": 0,
    "lang": "en",
    "updated": 0
  }
]