[
  {
    "id": "1994faee-35f6-4a80-9c34-9c1a9af90be4",
    "data": [
      {
        "text": "I have heard about cubism, what is that?",
        "userDefined": false
      }
    ],
    "isTemplate": false,
    "count": 0,
    "lang": "en",
    "updated": 0
  },
  {
    "id": "0e8a3646-3c9f-4814-bd8b-d581c1066b2f",
    "data": [
      {
        "text": "I want to know about cubism",
        "userDefined": false
      }
    ],
    "isTemplate": false,
    "count": 0,
    "lang": "en",
    "updated": 0
  },
  {
    "id": "99d99b0b-9e9b-41d0-b833-eba20dbc1ee4",
    "data": [
      {
        "text": "What is cubism?",
        "userDefined": false
      }
    ],
    "isTemplate": false,
    "count": 0,
    "lang": "en",
    "updated": 0
  }
]