[
  {
    "id": "910b75ce-0477-4673-b256-6cd181c01501",
    "data": [
      {
        "text": "Cubism",
        "userDefined": false
      }
    ],
    "isTemplate": false,
    "count": 0,
    "lang": "en",
    "updated": 0
  },
  {
    "id": "6e6b7127-ee64-4400-818a-9da5908680f5",
    "data": [
      {
        "text": "I want to know about cubism",
        "userDefined": false
      }
    ],
    "isTemplate": false,
    "count": 0,
    "lang": "en",
    "updated": 0
  },
  {
    "id": "78bfaf3d-f5ac-48d5-8118-d7a8ac47b861",
    "data": [
      {
        "text": "What is cubism?",
        "userDefined": false
      }
    ],
    "isTemplate": false,
    "count": 0,
    "lang": "en",
    "updated": 0
  },
  {
    "id": "1dc57a4c-f715-4e85-9f41-10d02817ec7e",
    "data": [
      {
        "text": "I have heard about cubism, what is that?",
        "userDefined": false
      }
    ],
    "isTemplate": false,
    "count": 0,
    "lang": "en",
    "updated": 0
  }
]