[
  {
    "id": "d4484740-a42b-4ad8-b9ec-3fb6c619d9a0",
    "data": [
      {
        "text": "What is the difference between neoclassicism and romanticism?",
        "userDefined": false
      }
    ],
    "isTemplate": false,
    "count": 0,
    "lang": "en",
    "updated": 0
  },
  {
    "id": "ebc0175d-3ff4-466a-818c-58262104b31c",
    "data": [
      {
        "text": "Isn\u0027t neoclassicism and romanticism the same thing?",
        "userDefined": false
      }
    ],
    "isTemplate": false,
    "count": 0,
    "lang": "en",
    "updated": 0
  },
  {
    "id": "28a534af-babe-44ea-aca9-68711e6c8ae1",
    "data": [
      {
        "text": "Neoclassicism and romanticism are similar?",
        "userDefined": false
      }
    ],
    "isTemplate": false,
    "count": 0,
    "lang": "en",
    "updated": 0
  }
]