[
  {
    "id": "da0d862b-29bb-442e-aaa5-51373e24d303",
    "data": [
      {
        "text": "Fauvism and impressionism are similar?",
        "userDefined": false
      }
    ],
    "isTemplate": false,
    "count": 0,
    "lang": "en",
    "updated": 0
  },
  {
    "id": "d7bdad37-75b0-4026-97cc-1f2c18c27b9c",
    "data": [
      {
        "text": "Isn\u0027t fauvism and impressionism the same thing?",
        "userDefined": false
      }
    ],
    "isTemplate": false,
    "count": 0,
    "lang": "en",
    "updated": 0
  },
  {
    "id": "7ab161c2-fc1f-4fb0-94ff-52b05b0f1f2b",
    "data": [
      {
        "text": "What is the difference between impressionism and fauvism?",
        "userDefined": false
      }
    ],
    "isTemplate": false,
    "count": 0,
    "lang": "en",
    "updated": 0
  }
]