[
  {
    "id": "cbe61a7a-6d38-45d4-8450-24267de9b5f2",
    "data": [
      {
        "text": "What is the first drawing?",
        "userDefined": false
      }
    ],
    "isTemplate": false,
    "count": 0,
    "lang": "en",
    "updated": 0
  },
  {
    "id": "b7efd21b-d447-45dd-9489-86ff1614c829",
    "data": [
      {
        "text": "What is the oldest known art?",
        "userDefined": false
      }
    ],
    "isTemplate": false,
    "count": 1,
    "lang": "en",
    "updated": 0
  },
  {
    "id": "fc5877a8-6a7f-43cb-9d05-fbe5b44e0f20",
    "data": [
      {
        "text": "What was the first drawing?",
        "userDefined": false
      }
    ],
    "isTemplate": false,
    "count": 0,
    "lang": "en",
    "updated": 0
  },
  {
    "id": "85965ad8-f27a-487f-b927-209670aec00b",
    "data": [
      {
        "text": "When people started to draw?",
        "userDefined": false
      }
    ],
    "isTemplate": false,
    "count": 0,
    "lang": "en",
    "updated": 0
  },
  {
    "id": "48131219-3101-4f6b-8a1f-29eef33254ba",
    "data": [
      {
        "text": "What is the earliest known drawings?",
        "userDefined": false
      }
    ],
    "isTemplate": false,
    "count": 0,
    "lang": "en",
    "updated": 0
  }
]