[
  {
    "id": "1ef49760-a193-4af1-8604-cd5717f1770e",
    "data": [
      {
        "text": "What is fauvism?",
        "userDefined": false
      }
    ],
    "isTemplate": false,
    "count": 0,
    "lang": "en",
    "updated": 0
  },
  {
    "id": "f9e3a7c6-18f4-4d29-b2f1-5c17805fd5c7",
    "data": [
      {
        "text": "I have heard about fauvism, what is that?",
        "userDefined": false
      }
    ],
    "isTemplate": false,
    "count": 0,
    "lang": "en",
    "updated": 0
  }
]