[
  {
    "id": "324da20a-07e9-498a-9cac-1c4fb4fc9a75",
    "data": [
      {
        "text": "Good afternoon",
        "userDefined": false
      }
    ],
    "isTemplate": false,
    "count": 0,
    "lang": "en",
    "updated": 0
  },
  {
    "id": "e89675bb-2778-4dbc-bcca-2e0cf1d66689",
    "data": [
      {
        "text": "Hello",
        "userDefined": false
      }
    ],
    "isTemplate": false,
    "count": 0,
    "lang": "en",
    "updated": 0
  },
  {
    "id": "7c01095e-53ff-4d25-a426-d16bdd2e63ae",
    "data": [
      {
        "text": "Hi",
        "userDefined": false
      }
    ],
    "isTemplate": false,
    "count": 0,
    "lang": "en",
    "updated": 0
  }
]