[
  {
    "id": "30499d7e-f6a3-4983-aafb-11116086fbc7",
    "data": [
      {
        "text": "my name ",
        "userDefined": false
      },
      {
        "text": "Solomon",
        "meta": "@sys.given-name",
        "alias": "name",
        "userDefined": true
      }
    ],
    "isTemplate": false,
    "count": 0,
    "lang": "en",
    "updated": 0
  },
  {
    "id": "e44fa6de-120a-4e98-8f53-800bf2691115",
    "data": [
      {
        "text": "I am called ",
        "userDefined": false
      },
      {
        "text": "Karl",
        "meta": "@sys.given-name",
        "alias": "name",
        "userDefined": true
      }
    ],
    "isTemplate": false,
    "count": 0,
    "lang": "en",
    "updated": 0
  },
  {
    "id": "c6969946-d9ec-41cc-a635-ded6088cd18e",
    "data": [
      {
        "text": "I am ",
        "userDefined": false
      },
      {
        "text": "Mona",
        "meta": "@sys.given-name",
        "alias": "name",
        "userDefined": true
      }
    ],
    "isTemplate": false,
    "count": 0,
    "lang": "en",
    "updated": 0
  },
  {
    "id": "c5c319da-bc06-4a89-9e76-46095d3a020f",
    "data": [
      {
        "text": "My name is ",
        "userDefined": false
      },
      {
        "text": "Yury",
        "meta": "@sys.given-name",
        "alias": "name",
        "userDefined": true
      }
    ],
    "isTemplate": false,
    "count": 0,
    "lang": "en",
    "updated": 0
  },
  {
    "id": "9b6937d7-f02f-4c43-a0e7-c2ca8186946d",
    "data": [
      {
        "text": "Demetris",
        "meta": "@sys.given-name",
        "alias": "name",
        "userDefined": false
      }
    ],
    "isTemplate": false,
    "count": 0,
    "lang": "en",
    "updated": 0
  },
  {
    "id": "17e9695b-8a7d-447a-98ff-8686c045137c",
    "data": [
      {
        "text": "Sonya",
        "meta": "@sys.given-name",
        "alias": "name",
        "userDefined": true
      }
    ],
    "isTemplate": false,
    "count": 0,
    "lang": "en",
    "updated": 0
  },
  {
    "id": "b2224b03-0f9e-4270-8617-3dea33d77011",
    "data": [
      {
        "text": "Anna",
        "meta": "@sys.given-name",
        "alias": "name",
        "userDefined": true
      }
    ],
    "isTemplate": false,
    "count": 0,
    "lang": "en",
    "updated": 0
  },
  {
    "id": "355848e3-3822-49e8-8f85-d2269ffeedac",
    "data": [
      {
        "text": "Mark",
        "meta": "@sys.given-name",
        "alias": "name",
        "userDefined": true
      }
    ],
    "isTemplate": false,
    "count": 0,
    "lang": "en",
    "updated": 0
  }
]