[
  {
    "id": "7567add7-0e75-4571-ae7a-73b3c5038eea",
    "data": [
      {
        "text": "Tell me about ",
        "userDefined": false
      },
      {
        "text": "art",
        "meta": "@Names",
        "alias": "names",
        "userDefined": false
      }
    ],
    "isTemplate": false,
    "count": 0,
    "lang": "en",
    "updated": 0
  },
  {
    "id": "e8432d90-a371-4787-bea8-b3e99a0c9531",
    "data": [
      {
        "text": "I want to talk about ",
        "userDefined": false
      },
      {
        "text": "art",
        "meta": "@Names",
        "alias": "names",
        "userDefined": false
      }
    ],
    "isTemplate": false,
    "count": 0,
    "lang": "en",
    "updated": 0
  }
]