[
  {
    "id": "577ca63e-9e9b-4e63-a54b-721253e54678",
    "data": [
      {
        "text": "impressionism",
        "userDefined": false
      }
    ],
    "isTemplate": false,
    "count": 0,
    "lang": "en",
    "updated": 0
  },
  {
    "id": "a1dba9ae-a778-4be3-b71f-26c1390ae3af",
    "data": [
      {
        "text": "What is impressionism?",
        "userDefined": false
      }
    ],
    "isTemplate": false,
    "count": 1,
    "lang": "en",
    "updated": 0
  },
  {
    "id": "7d9f8f2e-cbff-49c3-9da8-e6840d2c40ab",
    "data": [
      {
        "text": "Tell me about impressionism",
        "userDefined": false
      }
    ],
    "isTemplate": false,
    "count": 0,
    "lang": "en",
    "updated": 0
  },
  {
    "id": "1b5cd2d6-ea19-4d20-ad45-dda97a64c7e2",
    "data": [
      {
        "text": "I want to know about impressionism",
        "userDefined": false
      }
    ],
    "isTemplate": false,
    "count": 1,
    "lang": "en",
    "updated": 0
  },
  {
    "id": "bbf0ee1c-fecd-47c2-b578-56ba3754528d",
    "data": [
      {
        "text": "I have heard about impressionism, what is that?",
        "userDefined": false
      }
    ],
    "isTemplate": false,
    "count": 1,
    "lang": "en",
    "updated": 0
  }
]