[
  {
    "id": "c93a473b-0e3a-406e-8cbc-f2afd8b7f6c8",
    "data": [
      {
        "text": "I want to know about neoclassicism",
        "userDefined": false
      }
    ],
    "isTemplate": false,
    "count": 0,
    "lang": "en",
    "updated": 0
  },
  {
    "id": "f0a91f5d-989e-44bb-8663-28d3af1f1d47",
    "data": [
      {
        "text": "What is neoclassicism?",
        "userDefined": false
      }
    ],
    "isTemplate": false,
    "count": 0,
    "lang": "en",
    "updated": 0
  },
  {
    "id": "469897d2-a568-4beb-a247-e5429690e6e5",
    "data": [
      {
        "text": "I have heard about neoclassicism, what is that?",
        "userDefined": false
      }
    ],
    "isTemplate": false,
    "count": 0,
    "lang": "en",
    "updated": 0
  }
]