[
  {
    "id": "6c576040-aa4c-4343-81d9-f9aeb9b216ff",
    "data": [
      {
        "text": "What is pop art?",
        "userDefined": false
      }
    ],
    "isTemplate": false,
    "count": 0,
    "lang": "en",
    "updated": 0
  },
  {
    "id": "aae7b007-34d8-47d7-801d-2230971b3391",
    "data": [
      {
        "text": "I have heard about pop art, what is that?",
        "userDefined": false
      }
    ],
    "isTemplate": false,
    "count": 0,
    "lang": "en",
    "updated": 0
  }
]