[
  {
    "id": "0ed2facf-690c-4e52-9a09-f955e06195e0",
    "data": [
      {
        "text": "I want to know about romanticism",
        "userDefined": false
      }
    ],
    "isTemplate": false,
    "count": 0,
    "lang": "en",
    "updated": 0
  },
  {
    "id": "dd7561a0-94db-4a09-8247-988c3a1d376d",
    "data": [
      {
        "text": "What is romanticism?",
        "userDefined": false
      }
    ],
    "isTemplate": false,
    "count": 0,
    "lang": "en",
    "updated": 0
  },
  {
    "id": "06cdaca2-8263-43d4-b409-8cfea342d493",
    "data": [
      {
        "text": "I have heard about romanticism, what is that?",
        "userDefined": false
      }
    ],
    "isTemplate": false,
    "count": 0,
    "lang": "en",
    "updated": 0
  }
]