[
  {
    "value": "@sys.given-name:given-name",
    "synonyms": [
      "@sys.given-name:given-name"
    ]
  },
  {
    "value": "Maria",
    "synonyms": [
      "Maria"
    ]
  },
  {
    "value": "Yury",
    "synonyms": [
      "Yury"
    ]
  },
  {
    "value": "Demetris",
    "synonyms": [
      "Demetris"
    ]
  },
  {
    "value": "Mona",
    "synonyms": [
      "Mona"
    ]
  },
  {
    "value": "Lisa",
    "synonyms": [
      "Lisa"
    ]
  },
  {
    "value": "Anna",
    "synonyms": [
      "Anna"
    ]
  },
  {
    "value": "Sonya",
    "synonyms": [
      "Sonya"
    ]
  }
]